timestamp,politician,txId,tradeDate,pubDate,action,symbol,qtyOrNotional,orderId,status,note
2026-09-29T13:35:12.6109659Z,David Taylor,20035289-1,2026-08-11,2026-08-20T13:00:00Z,buy,GOOGL,200,f57b9448-18a8-4f56-a150-df7b6d210c47,pending_new,"copy stock buy ([ST] $1,001 - $15,000)"
2026-09-29T13:35:12.7169762Z,David Taylor,20035289-2,2026-08-11,2026-08-20T13:00:00Z,buy,GOOGL,199.99,1662a5fd-bc2a-48c3-a81a-4f205d87f345,pending_new,"copy stock buy ([ST] $1,001 - $15,000)"
2026-09-29T13:35:12.7663848Z,David Taylor,20035289-4,2026-08-11,2026-08-20T13:00:00Z,skip,MSFT,,,skipped,"we hold no MSFT stock"
2026-09-29T13:35:12.8541556Z,David Taylor,20035289-5,2026-08-11,2026-08-20T13:00:00Z,buy,PG,199.99,2a710cd4-86d2-4c06-a678-0ca7ec77872f,pending_new,"copy stock buy ([ST] $1,001 - $15,000)"
2026-09-29T13:35:12.9315478Z,Cleo Fields,20035345-1,2026-08-13,2026-09-02T13:00:00Z,buy,AAPL,200,24f2d857-01e7-4695-a2c1-6465964d2459,pending_new,"copy stock buy ([ST] $1,001 - $15,000)"
2026-09-29T13:35:13.0229848Z,David Taylor,20035289-3,2026-08-14,2026-08-20T13:00:00Z,buy,IBP,200,c14f2c3b-47c9-4aa4-96cd-598653765380,pending_new,"copy stock buy ([ST] $1,001 - $15,000)"
2026-09-29T13:35:13.1060020Z,David Taylor,20035392-1,2026-08-26,2026-09-05T13:00:00Z,buy,AEP,199.94,d3d7d82f-23bf-41fe-b756-46469b207b5c,pending_new,"copy stock buy ([ST] $1,001 - $15,000)"
2026-09-29T13:35:13.1992964Z,David Taylor,20035392-2,2026-08-26,2026-09-05T13:00:00Z,buy,AEP,199.94,7d0c1b1e-6a9a-4e68-bff0-4baa04862046,pending_new,"copy stock buy ([ST] $1,001 - $15,000)"
2026-09-29T13:35:13.2526133Z,David Taylor,20035392-3,2026-08-26,2026-09-05T13:00:00Z,skip,AMGN,,,skipped,"we hold no AMGN stock"
2026-09-29T13:35:13.3166030Z,David Taylor,20035392-4,2026-08-26,2026-09-05T13:00:00Z,skip,AMGN,,,skipped,"we hold no AMGN stock"
2026-09-29T13:35:13.4428482Z,David Taylor,20035392-5,2026-08-26,2026-09-05T13:00:00Z,buy,AVGO,199.94,c51fa4f1-30fa-4db4-a92b-c924c39a8b82,pending_new,"copy stock buy ([ST] $1,001 - $15,000)"
2026-09-29T13:35:13.5408431Z,David Taylor,20035392-6,2026-08-26,2026-09-05T13:00:00Z,buy,AVGO,199.94,8a86a989-b70b-4c97-a952-4dfe37b5b930,pending_new,"copy stock buy ([ST] $1,001 - $15,000)"
2026-09-29T13:35:13.6314637Z,David Taylor,20035392-7,2026-08-26,2026-09-05T13:00:00Z,buy,FITB,199.94,d4ffc479-7005-4b21-80f3-200c66ebeb58,pending_new,"copy stock buy ([ST] $1,001 - $15,000)"
2026-09-29T13:35:13.6533850Z,David Taylor,20035392-8,2026-08-26,2026-09-05T13:00:00Z,skip,MSFT,,,skipped,"we hold no MSFT stock"
2026-09-29T13:35:13.6790929Z,David Taylor,20035392-9,2026-08-26,2026-09-05T13:00:00Z,skip,VRTX,,,skipped,"we hold no VRTX stock"
2026-09-29T13:35:13.7625530Z,David Taylor,20035471-1,2026-09-08,2026-09-17T13:00:00Z,buy,IBP,199.94,19b4ad9b-df8c-45ed-8af6-ee7d7311fb6f,pending_new,"copy stock buy ([ST] $1,001 - $15,000)"
2026-09-29T13:35:13.8532251Z,David Taylor,20035471-2,2026-09-08,2026-09-17T13:00:00Z,buy,PG,199.88,166116c7-103a-4b8f-8a1a-8e02524880ec,pending_new,"copy stock buy ([ST] $1,001 - $15,000)"
