timestamp,mode,symbol,technicalScore,sentimentScore,politicalFlag,confidence,decision,qty,orderId,note
2026-09-28T01:12:54.8957240Z,paper,AAPL,54,60,False,56.4,hold,0,,""
2026-09-28T01:12:54.9925877Z,paper,MSFT,69,52,False,62.2,hold,0,,""
2026-09-28T01:12:55.1063121Z,paper,NVDA,60,52,False,56.8,hold,0,,""
2026-09-28T01:12:55.1984246Z,paper,GOOGL,44,51,True,46.8,hold,0,,""
2026-09-28T01:12:55.2773256Z,paper,AMZN,47,57,False,51.0,hold,0,,""
2026-09-28T01:19:13.6698544Z,paper,AAPL,54,60,False,56.4,buy,3,,"DRY RUN: would buy 3 AAPL (not submitted)"
2026-09-28T01:19:13.6747083Z,paper,MSFT,69,52,False,62.2,buy,2,,"DRY RUN: would buy 2 MSFT (not submitted)"
2026-09-28T01:19:13.6797255Z,paper,NVDA,60,52,False,56.8,buy,4,,"DRY RUN: would buy 4 NVDA (not submitted)"
2026-09-28T01:19:13.6797255Z,paper,GOOGL,44,51,True,46.8,hold,0,,""
2026-09-28T01:19:13.6825725Z,paper,AMZN,47,57,False,51.0,hold,0,,""
2026-09-28T01:19:20.4898247Z,paper,AAPL,54,60,False,56.4,buy,3,,"DRY RUN: would buy 3 AAPL (not submitted) [forced]"
2026-09-28T01:19:20.4915657Z,paper,MSFT,69,52,False,62.2,buy,2,,"DRY RUN: would buy 2 MSFT (not submitted) [forced]"
2026-09-28T01:19:20.4915657Z,paper,NVDA,60,52,False,56.8,buy,4,,"DRY RUN: would buy 4 NVDA (not submitted) [forced]"
2026-09-28T01:19:20.4956691Z,paper,GOOGL,44,51,True,46.8,hold,0,,""
2026-09-28T01:19:20.4966289Z,paper,AMZN,47,57,False,51.0,hold,0,,""
2026-09-28T02:18:56.6609165Z,paper,AAPL,54,60,False,56.4,buy,3,,"DRY RUN: would buy 3 AAPL (not submitted)"
2026-09-28T02:18:56.6676788Z,paper,MSFT,69,52,False,62.2,buy,2,,"DRY RUN: would buy 2 MSFT (not submitted)"
2026-09-28T02:18:56.6699600Z,paper,NVDA,60,52,False,56.8,buy,4,,"DRY RUN: would buy 4 NVDA (not submitted)"
2026-09-28T02:18:56.6709741Z,paper,GOOGL,44,51,True,46.8,hold,0,,""
2026-09-28T02:18:56.6709741Z,paper,AMZN,47,57,False,51.0,hold,0,,""
2026-09-28T16:35:29.7235667Z,paper,AAPL,56,50,False,53.6,buy,3,19487770-bee3-4ad8-95a8-1cd6e84a7b71,"submitted (paper) [forced trade]"
2026-09-28T16:35:29.8372534Z,paper,MSFT,66,50,False,59.6,buy,2,bbc59204-e6d3-4311-bd58-b603995476e3,"submitted (paper)"
2026-09-28T16:35:29.9309082Z,paper,NVDA,62,56,False,59.6,buy,4,ce14bc55-0bfc-4150-aa7f-f78098a08d0a,"submitted (paper)"
2026-09-28T16:35:29.9322936Z,paper,GOOGL,42,52,False,46.0,hold,0,,""
2026-09-28T16:35:29.9332991Z,paper,AMZN,45,48,False,46.2,hold,0,,""
2026-09-28T16:40:49.4810167Z,paper,AAPL,56,50,False,53.6,hold,0,,""
2026-09-28T16:40:49.4855119Z,paper,MSFT,66,50,False,59.6,hold,0,,""
2026-09-28T16:40:49.4855119Z,paper,NVDA,62,56,False,59.6,hold,0,,""
2026-09-28T16:40:49.4865175Z,paper,GOOGL,42,52,False,46.0,hold,0,,""
2026-09-28T16:40:49.4875799Z,paper,AMZN,45,48,False,46.2,hold,0,,""
2026-09-28T16:40:49.6105435Z,paper,AAPL,56,50,False,53.6,hold,0,,""
2026-09-28T16:40:49.6136269Z,paper,MSFT,66,50,False,59.6,hold,0,,""
2026-09-28T16:40:49.6146331Z,paper,NVDA,62,56,False,59.6,hold,0,,""
2026-09-28T16:40:49.6156396Z,paper,GOOGL,42,52,False,46.0,hold,0,,""
2026-09-28T16:40:49.6156396Z,paper,AMZN,45,48,False,46.2,hold,0,,""
2026-09-28T17:10:49.7046635Z,paper,AAPL,56,50,False,53.6,hold,0,,""
2026-09-28T17:10:49.7097567Z,paper,MSFT,66,50,False,59.6,hold,0,,""
2026-09-28T17:10:49.7102596Z,paper,NVDA,62,51,True,46.1,hold,0,,""
2026-09-28T17:10:49.7112618Z,paper,GOOGL,42,52,False,46.0,hold,0,,""
2026-09-28T17:10:49.7112618Z,paper,AMZN,45,47,False,45.8,hold,0,,""
2026-09-28T17:40:49.7626488Z,paper,AAPL,56,50,False,53.6,hold,0,,""
2026-09-28T17:40:49.7775144Z,paper,MSFT,66,50,False,59.6,hold,0,,""
2026-09-28T17:40:49.7785160Z,paper,NVDA,62,51,True,46.1,hold,0,,""
2026-09-28T17:40:49.7785160Z,paper,GOOGL,42,52,True,46.0,hold,0,,""
2026-09-28T17:40:49.7795169Z,paper,AMZN,45,48,True,46.2,hold,0,,""
2026-09-28T20:18:24.1168188Z,paper,AAPL,56,50,False,53.6,hold,0,,""
2026-09-28T20:18:24.2212260Z,paper,MSFT,66,50,True,59.6,hold,0,,""
2026-09-28T20:18:24.2212260Z,paper,NVDA,62,53,True,46.7,hold,0,,""
2026-09-28T20:18:24.2212260Z,paper,GOOGL,42,52,True,46.0,hold,0,,""
2026-09-28T20:18:24.2232507Z,paper,AMZN,45,48,True,46.2,hold,0,,""
2026-09-29T11:40:39.8085099Z,paper,AAPL,51,52,False,51.4,hold,0,,""
2026-09-29T11:40:39.8145562Z,paper,MSFT,63,52,True,58.6,hold,0,,""
2026-09-29T11:40:39.8203595Z,paper,NVDA,62,44,True,43.8,sell,4,,"DRY RUN: would sell 4 NVDA (not submitted)"
2026-09-29T11:40:39.8203595Z,paper,GOOGL,31,50,True,38.6,hold,0,,""
2026-09-29T11:40:39.8223862Z,paper,AMZN,42,52,True,46.0,buy,3,,"DRY RUN: would buy 3 AMZN (not submitted) [forced]"
